PlayerID,Points,FieldGoalPct,ThreePtPct,FtPct,Assists,Steals,Blocks,Turnovers,Rebounds,GamesPlayed,MinutesPlayed
1,29.4,0.493,0.427,0.915,6.3,0.9,0.4,3.2,6.1,56,34.7
2,11.4,0.408,0.303,0.681,5.2,0.8,0.4,2.4,2.7,34,22.2
3,15.9,0.436,0.311,0.656,7.5,1,0.5,3.5,5.8,73,29.1
4,28.9,0.5,0.321,0.768,6.8,0.9,0.6,3.2,8.3,55,35.5
5,29.1,0.56,0.404,0.919,5,0.7,1.4,3.3,6.7,47,35.6
6,23.2,0.506,0.365,0.842,5.4,0.9,0.7,2.9,3.9,50,33.5
7,23.8,0.512,0.416,0.871,3.9,1.4,0.5,1.7,6.5,52,33.6
8,23.8,0.457,0.371,0.871,5.1,1.5,0.4,3.1,6.1,56,34.6
9,31.1,0.553,0.275,0.645,5.7,0.8,0.8,3.9,11.8,63,32.1
10,32.2,0.463,0.371,0.914,7.3,0.9,0.3,3.3,4.8,58,36.3
11,21.9,0.436,0.412,0.879,2.4,0.7,0.4,1.8,4.1,69,33
12,27.1,0.494,0.379,0.905,5.5,1.1,0.8,2.1,5.1,60,37.4
13,13.4,0.659,0,0.644,1.2,0.8,1.4,1.7,11.6,70,30.7
14,15.1,0.436,0.315,0.902,4.9,0.7,0.2,2.2,4.2,33,24.3
15,25.9,0.563,0.257,0.784,2.6,1.1,2,2.2,12.5,56,34
16,22.9,0.539,0.35,0.85,5.3,1.8,0.3,1.6,5.9,64,33.4
17,14.7,0.501,0.389,0.876,2.5,0.9,0.5,1.2,5.7,74,32.9
18,8,0.421,0.25,0.81,2.1,0.2,0.2,0.4,1.8,9,16
19,26.2,0.429,0.335,0.886,10.2,1.1,0.1,4.1,3,73,34.8
20,24.8,0.485,0.375,0.848,4.2,0.9,0.2,2.5,4.5,77,35.9
21,6.9,0.566,0,0.439,6.1,1.3,0.6,2.3,6.3,42,26.3
22,24.2,0.48,0.324,0.774,5.8,0.9,0.5,2.4,7.8,71,37.4
23,18,0.548,0.373,0.783,1.4,0.6,2.3,1.7,7.5,62,29.4
24,19.3,0.479,0.384,0.859,7.4,1.2,0.4,2.9,5.1,67,32.6
25,20.8,0.495,0.366,0.874,4.8,0.7,0.6,3,8.1,29,33
26,27.8,0.494,0.351,0.855,5.5,1,0.3,2.7,4.5,53,34.6
27,17.1,0.473,0.396,0.611,2.3,1.2,0.8,1.3,5,37,32.2
28,33.1,0.548,0.33,0.857,4.2,1,1.7,3.4,10.2,66,34.6
29,20.9,0.437,0.389,0.769,5.7,0.9,0.5,2.4,4.4,75,35.3
30,21,0.441,0.385,0.867,10.7,1.2,0.5,3.4,6.1,58,36.8
31,20,0.454,0.398,0.833,6.2,1,0.2,2.2,4,65,32.8
32,24.7,0.484,0.39,0.882,5.8,0.7,0.4,3.3,5.5,45,34.2
33,17.8,0.469,0.396,0.829,6.2,1,0.4,2.6,3,71,32.5
34,28.3,0.484,0.386,0.867,4.4,1.5,0.4,2.6,4.3,68,35.8
35,31.4,0.51,0.345,0.905,5.5,1.6,1,2.8,4.8,68,35.5
36,18,0.589,0.292,0.76,1.7,0.6,0.8,1.8,10,67,30.4
37,8.2,0.389,0.334,0.879,1.9,0.3,0.2,1.1,6.4,62,20
38,30.1,0.466,0.35,0.854,4.6,1.1,0.7,2.9,8.8,74,36.9
39,20.4,0.54,0.083,0.806,3.2,1.2,0.8,2.5,9.2,75,34.6
40,25,0.512,0.324,0.78,6.1,1.1,0.3,2.5,4.2,73,33.4
41,14.7,0.475,0.325,0.811,4.1,0.8,0.2,2,4.3,50,31.5
42,26.6,0.491,0.335,0.765,3.5,1.1,0.4,2.9,6.9,67,35.9
43,13.9,0.44,0.375,0.831,8.9,1.5,0.4,1.9,4.3,59,32
44,11.2,0.404,0.345,0.859,5.1,1,0.4,1.9,4.1,55,31.2
45,24,0.491,0.416,0.829,6.2,0.9,0.2,2.1,3.5,68,35
46,24.5,0.504,0.324,0.872,5.1,1.1,0.5,2.1,4.6,74,36.2
47,9.8,0.476,0.446,0.714,3,0.5,1,0.6,6.2,63,30.5
48,8.5,0.527,0.305,0.713,6.8,1,0.8,2.8,7.2,73,31.5
49,25.1,0.459,0.343,0.757,4.1,0.6,0.3,2.8,10,77,35.5
50,13.1,0.508,0.292,0.803,1.2,0.6,1,1.1,6.5,71,30
51,11.9,0.428,0.385,0.834,6.7,1.1,0.2,1.5,2.7,67,30.3
52,14.9,0.484,0.444,0.87,3.7,0.7,0.3,1.5,4.2,67,26
53,21.1,0.447,0.377,0.894,4.1,0.7,0.2,2.1,2.6,62,35
54,21.1,0.415,0.327,0.809,5.1,1.2,0.3,2.1,4.1,63,35.3
55,19.3,0.393,0.342,0.898,7.2,1.8,0.6,2,4.1,69,36.7
56,16.8,0.458,0.425,0.822,2.8,1.2,0.3,1.7,5,80,31
57,19.1,0.615,0.373,0.742,7.3,0.8,0.5,2.9,12.3,79,34.6
58,20.5,0.475,0.401,0.813,2.4,0.8,0.8,1.8,4.5,63,35.7
59,16.3,0.564,0.347,0.608,3,0.8,0.8,1.4,6.6,68,30.2
60,20.1,0.468,0.382,0.895,3.3,1.1,0.7,1.5,4.4,83,35.7
61,14.3,0.644,0.1,0.733,1.7,0.8,1.2,1.4,9.8,68,32.6
62,6.1,0.42,0.391,0.708,1.6,0.7,0.6,0.6,3.8,78,21.9
63,12.4,0.446,0.371,0.821,2.7,0.6,0.4,1.5,1.9,69,28.5
64,17.3,0.438,0.369,0.812,6.5,0.8,0.3,1.8,3.4,79,34.5
65,12.1,0.431,0.392,0.722,3.9,1,0.3,1.6,3.8,74,30.2
66,7.6,0.457,0.426,0.643,1.4,0.5,0.2,0.6,2.2,74,20.6
67,15,0.473,0.374,0.847,1.6,0.7,0.1,1,4.5,82,32.5
68,12,0.653,0,0.603,0.9,0.7,1.2,0.8,11,65,26.6
69,6.1,0.337,0.307,0.857,1.3,0.6,0.1,0.8,1.8,27,17
70,8.6,0.597,0,0.364,2.3,0.9,1.1,1.9,11.5,42,27
71,5,0.415,0.4,0.556,0.5,1.3,0.4,0.4,4,11,11.3
72,16.8,0.476,0.387,0.838,2,1.9,0.7,2,5,67,35.6
73,11.5,0.415,0.336,0.746,6.3,1.5,0.4,2.3,3.1,61,32.1
74,12.4,0.462,0.381,0.875,3.9,0.7,0.9,1.2,3.6,82,28.3
75,20.5,0.464,0.344,0.832,6.1,1.5,0.3,2.2,5.3,74,36.4
76,7.4,0.671,NA,0.484,0.9,0.9,1.8,0.7,9.4,59,27
77,6.4,0.371,0.328,0.906,1.1,0.3,0,0.7,1.6,42,16.5
78,17,0.479,0.397,0.812,1.8,0.8,0.3,1.7,2.9,60,26.1
79,14.3,0.506,0.393,0.819,2.9,0.6,0.1,1.8,2.2,48,23.9
80,14,0.514,0.31,0.783,5.7,1.5,0.4,2.3,3.9,60,29.6
81,25.6,0.499,0.391,0.875,1.9,0.6,0.6,1.9,8.6,66,34.4
82,11.2,0.426,0.364,0.782,1.8,0.6,0.3,0.9,4,65,28.1
83,12.7,0.395,0.357,0.769,1.5,0.8,0.1,1.1,3.5,81,25.8
84,13.7,0.388,0.33,0.772,2.1,1,0.3,1.2,4.6,74,30.7
85,6.8,0.379,0.367,0.787,2,0.5,0.2,0.9,2.4,56,17.7
86,10.3,0.438,0.371,0.8,5.2,1,0.1,0.9,2.5,80,24.3
87,5.6,0.384,0.302,0.917,1.7,0.3,0.2,0.8,1.5,27,12.5
88,15.2,0.485,0.402,0.725,2.9,1.1,0.3,1.3,3.3,75,29.4
89,16.6,0.515,0.376,0.772,1.8,0.4,1.1,1.8,7.3,67,25.9
90,10.8,0.462,0.423,0.824,2.4,1.5,0.5,1.1,2.7,76,31.3
91,15.9,0.531,0.374,0.784,1.3,0.5,2.5,1.4,6.7,78,30.4
92,6.2,0.4,0.335,0.723,2.9,0.9,0.6,0.9,3.7,67,27.1
93,10.2,0.457,0.413,0.757,1.4,0.2,0.1,0.9,2.2,64,20.5
94,9.3,0.492,0.494,0.949,1.5,0.5,0.1,0.8,2.7,59,22.3
95,26,0.608,0.368,0.714,4.6,1.1,0.6,3.4,7,29,33
96,20.8,0.444,0.338,0.816,4.4,0.5,0.2,3,4,61,32.6
97,8.3,0.45,0.431,0.9,1.2,0.9,0.3,0.6,2,48,24.7
98,21.2,0.448,0.333,0.73,3.7,0.6,0.5,3,7.2,64,35
99,9.8,0.529,0.372,0.75,3.8,1.2,0.3,1.5,7.8,76,32.3
100,8.3,0.391,0.337,0.763,1.5,0.8,0.5,0.9,4.8,66,30.4
101,12.5,0.499,0.394,0.853,3.7,0.9,0.5,2.5,6.2,68,28.6
102,9.4,0.493,0.328,0.762,0.4,0.6,0.8,0.5,5.5,76,20
103,6,0.445,0.397,0.75,1.2,0.8,0.7,0.7,3.5,48,16.2
104,10.1,0.431,0.365,0.852,2.7,1.1,0.3,1.3,2.7,65,23.5
105,26.2,0.466,0.307,0.748,8.1,1.1,0.3,3.4,5.9,61,31.9
106,5.5,0.449,0.432,1,0.5,0.5,0.3,0.9,1.3,11,12.5
107,8.3,0.43,0.368,0.794,1.5,0.6,0.2,0.7,2.4,63,21.1
108,10.2,0.411,0.333,0.91,3.4,0.7,0.1,1.7,2.1,68,24.4
109,14.3,0.396,0.326,0.779,2.6,0.9,0.2,1.4,3.3,73,30.3
110,3.1,0.618,0.625,0.789,0.2,0.1,0.3,0.3,1.9,42,8.3
111,6.7,0.732,0,0.667,0.9,0.6,0.3,0.9,4.1,76,19.2
112,20,0.427,0.298,0.738,3.7,0.8,0.5,2.8,6.9,72,33.8
113,19.6,0.434,0.31,0.74,2.8,0.4,0.2,2.2,5,73,33.9
114,14.1,0.496,0.37,0.768,1.5,0.4,0.2,1.2,9.6,70,26
115,5.1,0.765,1,0.458,0.9,0.3,0.6,1.2,5.2,39,15
116,24.6,0.459,0.369,0.756,4.4,1.6,0.7,3.3,5.8,79,36
117,8,0.747,0,0.61,1.4,0.6,1.4,1,8.3,35,23.5
118,19.9,0.415,0.279,0.837,6,0.8,0.6,3.3,6.2,12,33.3
119,6.6,0.485,0.387,0.661,0.9,0.3,0.9,0.6,4.6,49,15.7
120,10.7,0.419,0.286,0.75,3.8,0.6,0.4,1.9,3.2,65,20.2
121,6.9,0.479,0.436,0.833,1.5,0.7,0.3,0.4,3.8,18,18.9
122,10.8,0.634,0,0.697,1,0.4,1.3,1.5,9.9,76,28.6
123,7.2,0.409,0.38,0.703,1.4,0.7,0.2,0.5,3.6,78,30.3
124,12.8,0.436,0.414,0.814,2.2,0.7,0.2,1.1,3.1,51,22
125,15.4,0.461,0.35,0.826,1.4,0.5,0.3,1.2,4.2,67,31.7
126,10,0.558,0.2,0.701,0.7,0.2,0.6,1.1,5.9,45,19.3
127,8.7,0.377,0.377,0.882,2.3,0.7,0.1,0.9,1.7,40,20.2
128,13.5,0.448,0.359,0.889,3.9,0.6,0.3,1.9,2.6,77,22.3
129,22.1,0.416,0.338,0.786,3.7,0.8,0.2,2.6,3.7,76,34.2
130,12.5,0.629,0,0.592,2.7,0.9,1.2,1.7,9.1,72,26.5
131,2.1,0.361,0.5,0.667,0.6,0.9,0.6,0.8,2.7,17,11.5
132,8.8,0.386,0.389,0.725,3.7,0.9,0.6,1.5,5.1,76,31.7
133,10.3,0.48,0.382,0.831,5.3,0.7,0.2,1,3.4,62,27.3
134,10.8,0.68,NA,0.636,3.1,0.6,0.6,1.5,8.9,79,26
135,5.6,0.455,0.364,0.808,2.9,1.5,0.7,1.1,2.9,67,23.5
136,5.9,0.456,0.348,0.711,1.4,0.3,0.8,0.7,3.6,37,25.1
137,10.4,0.44,0.399,0.905,2.3,0.9,0.2,1,3.3,72,27.4
138,21.6,0.462,0.41,0.863,7.8,1.2,0.1,2.9,2.7,69,35.5
139,5,0.535,0.216,0.676,1.2,0.6,0.8,0.8,6.5,82,19.8
140,9.4,0.509,0.41,0.735,4.9,1.1,0.9,1.5,5.3,69,28.4
141,10.7,0.397,0.33,0.747,3.5,1.4,0.3,2.1,3,42,26.3
142,7,0.477,0.182,0.417,1.3,0.3,0.9,0.4,3.1,7,15.6
143,23.3,0.411,0.376,0.836,8.4,1.3,0.3,3.6,6.4,36,35.2
144,9.2,0.463,0.405,0.927,1.6,0.6,0.1,0.8,1.6,61,19.9
145,16.2,0.554,0.216,0.674,2.8,0.8,1.5,1.8,9,79,34.4
146,4.6,0.594,0.5,0.857,1.4,1,0.2,0.7,3.1,22,16.7
147,5.2,0.51,0.308,0.673,0.7,0.2,0.5,0.7,3.5,38,11.2
148,10.1,0.425,0.39,0.793,2.6,1.6,0.5,1.3,4.1,77,27.9
149,6.4,0.54,0.378,0.776,0.9,0.4,0.4,0.9,3.6,57,14
150,12.2,0.453,0.411,0.765,1.2,0.8,0.5,0.8,4.6,80,29.8
151,7,0.63,0,0.606,2.5,0.6,0.6,0.5,9.3,82,23.9
152,4.4,0.545,0.176,0.692,1.4,1,0.1,0.8,3.1,54,14.7
153,7.4,0.474,0.345,0.867,3.9,1.8,0.3,0.9,3.6,50,24.4
154,10.2,0.464,0.415,0.857,1.2,0.9,0.9,1.2,4,82,28.3
155,15.3,0.456,0.281,0.772,4.8,1.1,0.8,2,6.6,77,34.8
156,8.7,0.451,0.372,0.694,1.5,0.5,0.1,0.7,2.3,77,20.1
157,9.7,0.443,0.372,0.871,2.8,0.7,0.1,1,2.9,74,23.4
158,11.6,0.518,0.374,0.761,2.9,0.6,0.8,2,6.4,63,22.9
159,16.3,0.416,0.343,0.747,5.2,0.8,0.2,3.2,3.9,74,31.1
160,9.1,0.467,0.381,0.844,1.6,0.5,0.3,1.3,2.4,54,22.1
161,9.1,0.48,0.283,0.725,2.7,0.7,0.2,1.5,3.8,31,21.8
162,6.4,0.494,0.363,0.757,1.1,0.7,0.4,0.6,2.5,76,21.7
163,5,0.389,0.214,0.571,1.6,0.6,0.1,0.3,3.4,7,19.1
164,9.9,0.419,0.327,0.723,2.9,1.3,0.5,1.8,3,53,23.5
165,5,0.551,0.103,0.699,0.7,0.4,0.4,0.7,2.8,47,13
166,2.2,0.594,0.5,0.8,0.4,0.3,0.3,0.4,1.3,20,8.1
167,16.7,0.434,0.323,0.828,1.5,0.6,0.2,1.9,4.1,78,28.5
168,11.5,0.483,0.358,0.758,3.4,1.1,0.6,1.5,4.1,80,28.5
169,9.6,0.464,0.356,0.805,1.6,1,0.4,1.1,4.8,71,29.3
170,6.9,0.435,0.409,0.857,3.3,0.7,0.1,1.2,2.8,46,22.7
171,9.9,0.638,0.308,0.781,1,0.7,1.3,1,7.2,80,23.1
172,16.6,0.482,0.325,0.731,6.2,0.8,0.4,2.8,7.9,76,31.1
173,11.2,0.486,0.319,0.739,0.9,0.3,0.4,0.8,4.5,63,23.3
174,5.2,0.38,0.254,0.857,1,0.3,0.3,0.7,2.9,56,14.6
175,8,0.423,0.421,0.816,2.4,0.8,0.4,1,2.5,81,22.3
176,9.9,0.472,0.36,0.714,1.2,0.5,0.3,1,3,80,22.2
177,10.3,0.415,0.368,0.766,4.5,0.7,0.2,1.7,2.2,48,20.2
178,4.5,0.377,0.322,0.625,0.9,0.4,0.4,0.5,1.2,46,15.3
179,9.7,0.446,0.313,0.853,1.4,1,0.4,1.2,2.2,40,24.8
180,15.5,0.47,0.404,0.842,1.9,1.2,0.3,0.9,4.4,42,28.5
181,5.2,0.343,0.256,0.8,3.5,0.8,0.2,0.9,2.1,33,17.2
182,10.3,0.377,0.28,0.821,6.2,1.4,0.4,2.3,2.9,76,28.3
183,9.9,0.525,0.37,0.652,1.9,0.6,0.5,1.4,3.4,67,20.8
184,7.6,0.392,0.339,0.659,1.3,0.6,0.2,0.5,4.6,61,23.7
185,20.1,0.439,0.378,0.934,4.2,0.8,0.2,2.4,5.4,67,34.9
186,6.9,0.467,0.262,0.696,1.2,0.6,0.3,0.7,2.7,43,19.6
187,3.8,0.418,0.314,0.65,2.3,0.7,0.2,1,3.2,59,17.7
188,4.4,0.64,0.4,0.585,0.3,0.1,0.6,0.9,2.5,42,8.5
189,4.4,0.552,0.231,0.548,1,0.4,0.7,0.6,3.6,38,12
190,7.4,0.446,0.344,0.809,1,0.3,0.2,0.6,2.8,67,15.7
191,18.6,0.485,0.361,0.842,3.5,1,0.2,2.1,4.1,80,32.6
192,7.1,0.424,0.354,0.854,1.3,0.4,0.1,0.9,1.6,70,13.8
193,9.3,0.573,0.238,0.588,1,0.9,0.3,1.3,3.5,56,17.8
194,6.9,0.427,0.389,0.792,3.5,0.5,0.1,0.9,1.7,62,19.8
195,2,0.4,0.423,0.75,0.5,0.4,0.1,0.2,0.7,25,6.5
196,7.4,0.456,0.395,0.711,1.5,0.6,0.8,0.9,5.4,79,24.7
197,11,0.453,0.246,0.698,2.5,0.8,0.4,1.7,5.3,56,26
198,6.2,0.444,0.384,0.667,1.8,0.5,0.4,0.9,1.7,59,15
199,3.8,0.432,0.391,0.722,0.6,0.3,0.1,0.6,1.1,37,9.5
200,9.2,0.437,0.297,0.739,2.8,0.9,0.4,1.6,6.4,76,26.6
201,5.6,0.454,0.32,0.806,2.3,0.6,0.2,0.8,1.3,80,18.1
202,5.8,0.386,0.243,0.519,1,0.4,0.3,0.6,2.3,28,15.1
203,6.9,0.488,0.389,0.927,3,0.5,0.1,0.7,1.7,45,18.1
204,9.4,0.476,0.283,0.759,1,0.3,0.9,1.1,5.8,68,18.8
205,5.7,0.429,0.258,0.773,0.9,0.4,0.2,1,2.1,37,15.2
206,4.9,0.42,0.265,0.652,1.2,0.4,0.2,0.7,2.7,39,14.6
207,7.8,0.488,0.288,0.744,1.2,0.3,0.3,0.8,2.6,56,19.5
208,9.4,0.435,0.397,0.817,3.5,1.3,0.1,1.6,4.5,72,26.3
209,18.5,0.439,0.387,0.78,3.6,1.1,0.4,1.5,3.9,38,31
210,4.1,0.435,0.365,0.679,0.7,1.2,0.5,0.3,2,71,16.9
211,7.9,0.548,0.322,0.691,2.4,1.1,0.3,1.2,7.5,78,24.1
212,5.6,0.358,0.303,0.667,1.2,0.4,0.1,0.9,2.1,34,15.1
213,10,0.656,0.167,0.723,1.3,0.6,0.7,1,5.5,56,19.5
214,14.1,0.521,0.356,0.812,3.3,1.4,0.5,1.6,4.5,75,30.3
215,8.1,0.454,0.395,0.77,1.7,0.5,0.4,1,4.6,79,25.9
216,5.2,0.454,0.377,0.543,0.9,0.5,0.8,0.6,3.2,43,14.3
217,20.7,0.49,0.4,0.871,10.4,1.6,0.4,2.5,3.7,56,33.6
218,6.6,0.442,0.367,0.717,0.9,0.4,0.4,0.7,2.6,54,18.1
219,9.1,0.648,0,0.611,1.1,0.7,0.9,1.4,8.9,67,24.9
220,3.9,0.385,0.28,0.769,1.7,0.1,0.5,1,3.5,31,11.5
221,6.8,0.409,0.311,0.714,3.4,1,0.4,1.5,5,29,26.8
222,1.7,0.667,0.5,NA,0.3,0.3,0,0.3,0,3,3.3
223,5.8,0.533,0.45,0.667,2.2,0.5,0.2,1.1,3.2,30,15.6
224,5,0.47,0.358,0.764,2.4,0.6,0.1,0.7,1.8,46,18.1
225,6.7,0.423,0.366,0.791,1,0.7,0.2,0.8,2.2,64,13.1
226,7.9,0.369,0.316,0.847,1.4,0.5,0.2,0.9,2.5,46,19.5
227,1.7,0.533,0,0.688,0.5,0.2,0.4,0.6,2.3,26,6.2
228,7.9,0.427,0.355,0.812,1.1,0.3,0.3,0.7,2.1,59,20.5
229,20.4,0.43,0.336,0.87,4.5,0.8,0.3,3.1,2.7,82,30
230,22,0.452,0.329,0.749,2.9,0.7,0.2,2.1,5,63,32.7
231,2.8,0.449,0.2,0.5,0.8,0.4,0.3,0.4,1.7,18,9
232,10.1,0.427,0.366,0.838,1.3,0.8,0.5,1,3.8,73,24.9
233,4.8,0.476,0.363,0.698,0.8,0.3,0.1,0.5,1.7,63,13
234,9,0.637,NA,0.691,0.4,0.7,1,0.9,7.1,43,19.3
235,13,0.454,0.364,0.894,3.9,0.6,0.5,1.5,4.8,60,25.9
236,11.1,0.497,0.424,0.852,1.2,0.4,0.1,0.7,2.8,74,28.3
237,8.9,0.465,0.39,0.894,1,0.6,0.2,0.6,2.1,72,19.5
238,6.1,0.449,0.391,0.769,0.8,0.2,0.4,0.4,3.2,63,15
239,8.2,0.442,0.401,0.867,1,0.4,0.2,0.7,2.4,78,19.4
240,11.3,0.442,0.327,0.738,1.4,0.4,0.7,1.4,8.1,50,28.3
241,4.7,0.352,0.302,0.762,1.4,0.7,0.4,0.6,3.6,27,19.2
242,3.4,0.386,0.275,0.778,1.1,0.1,0.1,0.4,1.1,50,12.5
243,9.3,0.448,0.343,0.752,1.1,1.2,0.6,1.2,6,82,21.5
244,8.1,0.434,0.365,0.629,1.9,0.6,1.3,1.3,4.7,34,20.6
245,6.3,0.369,0.33,0.795,0.8,0.3,0.2,0.8,1.7,52,14.7
246,6,0.606,0,0.536,0.5,0.7,0.4,1.1,6.6,67,12.7
247,2.2,0.444,0.259,0.667,0.6,0.3,0.1,0.2,1,38,5.6
248,0,0,0,NA,0.5,0.8,0,0,2,4,6
249,9.1,0.537,0.402,0.723,1.7,0.7,0.1,1.2,3,60,25.7
250,3,0.389,0.338,0.778,0.6,0.3,0.1,0.5,1.8,35,11.8
251,7.7,0.393,0.315,0.764,1.8,0.6,0.2,0.9,2.3,67,17.7
252,6.6,0.458,0.349,0.767,0.5,0.4,0.2,0.8,2.8,63,15.1
253,13.8,0.422,0.361,0.861,1.5,0.9,0.2,0.9,4.7,77,27.6
254,10.2,0.44,0.302,0.829,1.9,0.5,0.1,1.2,2.7,66,23.5
255,1,0.214,0.25,NA,0.3,0,0,0.1,0.4,9,5.6
256,3.4,0.558,0.211,0.731,0.3,0.4,0.7,0.7,2.7,46,12
257,4.1,0.485,0.348,0.656,1.5,0.3,0.2,0.5,3.8,41,13.9
258,3,0.64,0.5,0.778,0.5,0.1,0.2,0.7,1.4,37,8.1
259,3.8,0.409,0.394,1,0.9,0.3,0.1,0.5,2,35,10.1
260,2.1,0.467,0.111,0.667,2.4,0.5,0.4,1.1,2.1,8,14.1
261,4.1,0.481,0.333,0.615,0.3,0.1,0.4,0.7,2.8,16,11.6
262,3.9,0.345,0.333,0.8,0,0.1,0.3,0.1,1.6,7,10.1
263,3.4,0.363,0.315,0.857,0.7,0.4,0.3,0.3,2.2,52,15.8
264,4.9,0.435,0.35,0.769,1.4,0.5,0.1,0.4,1.6,52,19.5
265,4.3,0.578,NA,0.357,0.9,0.3,1.4,0.8,4.3,61,14.3
266,3.4,0.52,0.333,0.714,0.7,0.3,0.2,0.5,1.9,49,9.8
267,9.2,0.485,0.269,0.702,0.9,0.6,0.5,1.1,6,55,20.7
268,4.7,0.495,0.354,0.625,0.8,0.5,0.2,0.5,2.4,76,15.5
269,8.7,0.436,0.408,0.791,1.4,0.4,0.2,1.1,3.7,62,19.2
270,5.6,0.491,0.288,0.628,1.2,0.5,0.5,0.6,4,70,14.9
271,20.3,0.481,0.434,0.845,3.5,0.8,0.1,1.3,2.9,60,33.6
272,3.9,0.527,0,0.7,0.8,0.2,0.9,0.6,3.5,39,10.4
273,9.2,0.72,0.333,0.516,0.9,0.4,2.3,0.8,8.4,74,23
274,4.7,0.376,0.346,0.659,1.5,0.5,0.2,1.1,1.1,40,10.4
275,5.7,0.644,0.375,0.595,1.3,0.5,0.9,1.2,5.5,35,14.5
276,1.5,0.34,0.333,0.571,1.3,0.2,0,0.3,0.4,32,6.7
277,7.6,0.458,0.363,0.815,0.9,0.4,0.4,0.9,4.1,74,16.9
278,5.2,0.561,0.262,0.645,0.3,0.3,0.4,0.6,2.6,53,13.7
279,6.7,0.429,0.307,0.631,0.8,0.4,0.3,0.8,2.8,70,18
280,7.2,0.563,0.143,0.651,0.8,0.5,1.5,0.8,4.5,63,16.5
281,5.1,0.395,0.331,0.73,0.7,0.4,0.1,0.9,2.2,52,13.5
282,3,0.486,0.407,0.617,0.9,0.6,0.4,0.6,4.1,75,12.9
283,3.3,0.518,0.286,0.912,1.6,0.4,0.1,0.5,1,48,10.5
284,2.5,0.492,0.394,0.875,0.9,0.2,0.1,0.3,1.4,36,6.5
285,5.6,0.598,0,0.693,0.6,0.3,0.4,0.6,2.8,57,11.9
286,5,0.321,0.385,0.591,2.7,0.7,0.1,1.8,2.2,37,18.1
287,5.8,0.465,0.236,0.75,1.1,0.5,0.2,0.9,1.1,64,12.3
288,4.1,0.432,0.3,0.488,0.9,0.4,0.2,0.7,2.5,42,11.3
289,5.2,0.393,0.358,0.8,0.7,0.3,0.3,0.2,1.8,41,13
290,14.9,0.448,0.37,0.819,3.4,1,0.2,1.2,4.2,81,28.9
291,5.1,0.431,0.339,0.778,1.4,1.1,0.3,0.5,4.3,72,20.8
292,5.7,0.408,0.423,0.818,0.9,0.5,0,0.3,2.3,32,16.4
293,3.6,0.361,0.304,1,0.7,0.3,0.1,0.5,0.6,25,10.7
294,3.5,0.64,0.588,0.759,0.4,0.2,0.5,0.6,3,41,11.6
295,11.3,0.468,0.386,0.796,2.1,0.7,0.4,1,3.2,71,29.9
296,6,0.405,0.367,0.737,2.7,0.8,0,1,1.8,25,14.9
297,9.5,0.441,0.35,0.79,4.5,0.9,0.2,1.7,2.7,75,27.6
298,5.6,0.412,0.364,0.75,1.3,0.3,0,0.8,1.8,48,13.4
299,11.8,0.399,0.371,0.843,3.1,0.7,0.3,1.5,2.4,56,19.4
300,9.1,0.546,0.265,0.759,1,0.4,1.2,1.6,5.8,70,21.5
301,3.3,0.492,0.429,0.55,0.5,0.1,0.5,0.3,1.6,23,8.1
302,3.5,0.819,NA,0.35,0.3,0.2,0.4,0.5,3.3,36,10
303,12.1,0.517,0.398,0.736,1.9,0.9,1,1.4,3.9,79,30.6
304,3.7,0.421,0.308,0.833,3.4,0.7,0.1,0.8,1.4,43,15.8
305,4.6,0.36,0.353,0.758,1.3,0.4,0.1,0.5,1.4,53,13
306,10.6,0.441,0.383,0.868,1.4,0.4,0.1,1.1,1.7,57,16.6
307,3.8,0.665,0.231,0.821,0.8,0.2,0.7,0.4,2.9,69,11.7
308,8.2,0.442,0.445,0.904,1.3,0.4,0.1,1.1,3,74,20.4
309,3,0.448,0.186,0.792,1.3,0.3,0.2,0.7,2.4,52,13.5
310,21.5,0.479,0.408,0.883,4.4,1,0.4,2.2,5,58,31.7
311,2.6,0.486,0.4,0.75,0.5,0.4,0.2,0.2,0.9,16,5.6
312,4.7,0.544,0.545,0.636,0.8,0.3,0.7,0.9,4.2,48,11.5
313,1.6,0.5,0.6,1,0.1,0.1,0.1,0.1,0.9,12,2.8
314,2.9,0.364,0.254,0.667,1.2,0.3,0.1,0.6,1.3,47,12.9
315,4.8,0.363,0.35,0.906,0.5,0.4,0.1,0.4,1.4,54,12.7
316,5.9,0.436,0.407,0.704,1.6,0.6,0.2,0.8,4.9,49,18.7
317,6.8,0.444,0.333,0.833,1,0.6,0.3,0.4,4.2,43,18.9
318,8,0.517,0.373,0.436,2,0.8,0.3,0.6,4.9,53,22.8
319,3.8,0.363,0.338,0.833,0.6,0.2,0.1,0.4,1.9,51,15.9
320,8.4,0.479,0.378,0.853,3.2,0.3,0.2,1.2,2.5,76,20.6
321,3.9,0.418,0.409,0.844,1.4,0.6,0.2,0.6,1.2,63,13.4
322,5.6,0.491,0.444,0.723,0.8,0.4,0.3,0.4,2.4,58,16
323,7.1,0.461,0.356,0.917,1.3,0.6,0.2,0.9,1.5,53,13.9
324,2.4,0.356,0.355,0.846,1.2,0.2,0,0.3,1.6,40,8.1
325,9.8,0.623,0.441,0.738,0.5,0.3,0.5,0.6,5.7,59,18.3
326,7.3,0.391,0.335,0.724,1.5,0.8,0.5,0.9,3.5,72,18.8
327,6.6,0.641,0.389,0.664,1.3,0.5,1.3,0.9,5.4,78,20.3
328,4.7,0.412,0.354,0.652,0.8,0.6,0.5,0.4,3.4,44,20.3
329,8.8,0.519,0.389,0.78,2.3,0.5,0.3,1,3.4,81,23.1
330,10.8,0.448,0.289,0.778,2,0.6,0.1,1,2.6,65,19.3
331,11.5,0.537,0.346,0.677,1.1,0.6,0.8,1.4,4.9,68,18.4
332,9.4,0.455,0.332,0.841,1.6,1,0.4,1.2,4.3,80,23.9
333,9,0.732,NA,0.679,1.1,0.4,1.3,1.1,5.6,78,20.6
334,4.9,0.589,0.237,0.74,0.6,0.3,0.3,0.5,3,66,10.4
335,2.1,0.333,0.37,0.667,0.5,0.3,0.1,0.5,1.4,43,8
336,1.3,0.421,0.333,0.875,0.4,0.2,0.2,0.2,1,35,7.1
337,5.5,0.596,0.278,0.619,0.5,0.4,0.5,0.7,4.2,68,15.1
338,1.4,0.435,0,0.5,0.4,0.1,0.1,0.3,1.2,37,5.6
339,10.5,0.5,0.313,0.841,1.5,0.6,0.2,1.2,4.5,57,19.5
340,9.7,0.508,0.394,0.793,1.5,0.7,0.3,0.8,3.7,67,21.7
341,6.1,0.386,0.31,0.717,0.7,0.5,0.2,0.5,3.4,65,16.7
342,3.7,0.568,0.364,0.684,0.3,0.3,0.2,0.6,1.5,38,7.7
343,0.9,0.259,0.25,0.5,0.4,0.2,0.2,0.1,0.7,23,4.7
344,9.5,0.441,0.409,0.82,1.2,0.7,0.1,0.5,2.4,73,19.1
345,1.3,0.243,0.348,NA,1.2,0.3,0,0.4,0.8,20,8.6
346,3.3,0.538,0.138,0.731,0.6,0.1,0.2,0.3,1.7,59,10.6
347,5.2,0.565,0.371,0.667,0.7,0.8,0.7,0.6,2.8,32,15
348,9.4,0.402,0.334,0.872,2.5,0.9,0.1,1.4,2.1,68,25.9
349,11.5,0.41,0.35,0.876,2.1,0.5,0.2,0.9,3.2,80,28.4
350,8.2,0.629,1,0.749,0.6,0.2,1.1,0.9,6.4,65,18.7
351,5.3,0.448,0.316,0.702,0.5,0.4,0.3,0.4,3.3,62,18.1
352,9.1,0.433,0.303,0.789,2.5,0.7,0.2,1.3,3.6,77,23.3
353,4.2,0.593,0.167,0.745,0.4,0.7,0.7,0.7,3.8,69,10.9
354,12.9,0.459,0.285,0.86,6.6,1.3,0.1,1.6,3.6,68,29.2
355,4.4,0.431,0.339,0.464,0.8,0.7,0.3,0.8,3.5,54,17.9
356,4.4,0.593,0.429,0.833,0.2,0.2,0.2,0.4,2.6,9,9.2
357,0.4,0.15,0,NA,0.5,0.2,0.1,0.5,0.5,14,4.9
358,2.9,0.52,0.263,0.545,0.3,0.1,0.2,0.3,1.5,31,8.5
359,6.2,0.469,0.5,NA,1.3,0.8,0,0.8,0.7,6,12.8
360,3.4,0.776,0,0.75,0.5,0.3,0.5,0.5,4.7,52,15.6
361,6.4,0.455,0.418,0.706,0.9,0.4,0.3,0.4,2.6,80,16.1
362,2.8,0.387,0.309,0.733,0.6,0.4,0.2,0.4,1.7,36,10.7
363,1.5,0.158,0.1,1,0.7,0.2,0,0.3,2,6,10.2
364,1.2,0.405,0.238,0.5,0.6,0.2,0,0.2,0.9,29,5.7
365,3.8,0.399,0.317,0.702,0.5,0.3,0.3,0.6,2.2,69,14
366,0.9,0.286,0.25,0.5,0,0,0,0,0.3,7,2.9
367,8.6,0.493,0.312,0.805,2.6,0.8,0.3,1.2,2.8,80,26.2
368,6.7,0.417,0.365,0.821,0.8,0.5,0.5,0.6,2.8,52,23.1
369,4,0.342,0.286,0.667,2.3,0.5,0.1,1.5,1.7,57,16
370,2.9,0.439,0.278,0,1.9,0.1,0,0.7,1.6,14,8.9
371,13,0.529,0.398,0.864,3.4,0.5,0.3,1.5,3,64,28.8
372,9,0.411,0.336,0.813,3,1.1,0.2,1.3,2.3,61,21.5
373,3.5,0.358,0.299,0.667,1.1,0.6,0.1,0.4,0.8,64,11.9
374,6.8,0.512,0.393,0.831,1.1,0.6,0.2,0.8,3,70,18.5
375,6.6,0.528,0.25,0.752,1,0.2,0.4,0.9,4.1,69,14.2
376,7.4,0.56,0.391,0.72,2.1,0.5,0.2,1.1,3.8,62,19.1
377,4.6,0.423,0.294,0.708,1.2,0.4,0.4,0.6,1.5,31,9
378,3.1,0.48,0.083,0.627,0.5,0.4,1,0.3,2.9,58,13.8
379,5.3,0.396,0.325,0.75,1.2,0.3,0.1,0.9,2,46,17.1
380,6.6,0.448,0.322,0.768,2.7,0.9,0.4,0.9,3.3,62,17.8
381,2.2,0.422,0.133,0.462,1.6,0.3,0.1,0.5,1.1,36,7.8
382,1.1,0.458,0.25,1,0.3,0.1,0.3,0.5,2.1,23,7.4
383,6.1,0.422,0.303,0.684,1.4,0.3,0.3,0.8,4.3,43,15.3
384,5,0.409,0.278,1,1,0.8,0,0,1.8,5,11.8
385,1.3,0.391,0.143,1,0.1,0.1,0,0.1,0.8,16,4.1
386,8.8,0.438,0.404,0.823,1.4,0.4,0.1,1,1.9,48,14.8
387,1.9,0.35,0.333,1,0.5,0.1,0.1,1.3,1,12,5.2
388,3.1,0.415,0.419,0.875,0.5,0.2,0.2,0.3,1.8,41,12.5
389,3.1,0.5,0.333,1,0.3,0.3,0.4,0.2,1.7,15,6.4
390,3.9,0.419,0.286,0.756,0.6,0.2,0.2,0.5,2.3,56,11.1
391,7,0.443,0.281,0.68,0.7,0.7,0.1,0.9,2.8,40,16.1
392,13.2,0.537,0.472,0.774,5.6,1.1,0.5,1.6,4.5,22,25.8
393,4.2,0.451,0.324,0.913,0.8,0.2,0.1,0.4,1.7,37,12.2
394,2.2,0.333,0.2,NA,0.8,0.2,0,0,1.6,5,6.8
395,3,0.241,0.133,1,0.9,0.3,0.7,1,2.4,7,10
396,4.3,0.635,NA,0.458,0.1,0.1,0.4,0.4,3.9,36,8.2
397,3.6,0.37,0.381,0.833,0.5,0.1,0,0.2,0.8,34,9.1
398,1.4,0.303,0.125,NA,0.6,0.4,0.1,0.3,0.9,16,4.9
399,6.5,0.627,0,0.686,0.7,0.2,0.3,0.9,4.3,15,14.5
400,4.8,0.483,0.389,0.889,0.1,0.2,0,0.7,3.8,9,12.7
401,6.7,0.471,0.367,0.767,1.5,0.5,0.3,0.9,3.5,62,19.3
402,4.3,0.429,0.333,0.571,1.8,0.3,0.3,1,1.3,4,11
403,2.9,0.4,0.5,0.625,0.9,0.3,0,0.3,0.7,7,8
404,1,0.25,0.25,NA,0,0,0,0,0.7,3,2.7
405,0.8,0.4,NA,NA,0,0,0,0,0.2,5,2.4
406,2.3,0.417,0,0.667,1.7,0.3,0.1,0.7,1.6,23,12
407,1.5,0.286,0,1,0,0.5,0,0.3,2.5,4,9
408,1.6,0.421,0.286,0.5,0.9,0.2,0.2,0.3,0.8,12,5.5
409,1,0.5,0.333,NA,0,0,0,0,0.6,5,1.8
410,2.6,0.48,0.333,1,0.4,0.2,0.4,0.5,1.4,22,8
411,2.6,0.429,0.375,1,0.3,0.3,0.3,0.1,1.7,12,7
412,1.2,0.421,0.333,0.667,0.2,0.2,0.1,0.1,1,17,3.9
413,1.6,0.185,0.16,1,0.4,0.2,0,0,0.6,10,9
414,3.8,0.417,0.3,1,0.3,0,0.3,0,1.5,4,6.3
415,1.8,0.222,0.25,1,0.6,0,0,0.2,0,5,5.6
416,1.5,0.571,0,0.5,0.5,0.7,0,0.3,1,6,6.7
417,1.3,0.333,0.375,NA,0.6,0,0,0,1,7,5.9
418,5.4,0.561,0.35,0.773,0.7,0.6,0.1,0.3,2.9,18,13.3
419,6.5,0.543,0.359,0.788,0.6,0.1,0.1,0.5,2.3,28,8.7
420,4.1,0.439,0.372,0.756,0.5,0.5,0.1,0.6,2.1,34,13.4
421,1.5,0.438,0.5,0.571,0.4,0.3,0.1,0.1,0.5,16,4.4
422,2.4,0.667,NA,0,0.2,0,0.4,0.2,2.2,5,5.8
423,3.9,0.535,0,0.72,0.9,0.4,0.7,0.5,3.6,28,14.6
424,9.7,0.454,0.402,0.824,0.6,0.4,0.3,0.6,3.5,17,18.8
425,2.4,0.439,0.313,0.667,1.2,0.4,0.1,0.2,0.9,25,10.4
426,3.4,0.667,0.571,NA,0.6,0.1,0,0.3,2.3,7,7.4
427,4.8,0.337,0.238,0.5,0.4,0.2,0.2,0.2,2.2,18,12.9
428,2.4,0.321,0.229,0.75,0.6,0.4,0.5,0.1,0.9,19,11.6
429,1,0.5,NA,0,0.5,0,0,1,1,2,4
430,1.3,0.231,0.273,0.5,1.1,0.8,0,0.4,0.3,8,6.5
431,3.7,0.528,0,0.71,0.8,0.4,0.4,0.5,4.1,31,13.7
432,2.9,0.4,0.263,1,1.5,0.7,0.3,0.2,1.6,15,10.5
433,3.2,0.386,0.25,1,0.3,0.3,0.1,0.2,2.6,14,14.1
434,20,0.615,0.5,0,2,1,0,2,4,1,29
435,4.4,0.395,0.083,0.692,0.6,0.6,0.2,0.7,3.8,10,13.7
436,4,0.5,0.125,0.714,0.4,0.1,0.6,0.4,3.4,9,12.7
437,0,NA,NA,NA,0,0,0,2,1,1,5
438,2,0.4,0,NA,0,0,0,0,1,2,2
439,6.2,0.452,0.083,0.773,1.7,0.4,0.1,0.4,0.9,9,15
440,2,1,NA,NA,0,0,0,1,0,1,3
441,3,0.8,0.5,NA,0,0,0,0,0.7,3,2.7
442,1.3,1,NA,1,0,0,0,0,0.3,3,3
443,3.1,0.321,0.2,0.778,1.2,0.1,0,0.8,1.3,9,9.2
444,1.8,0.5,0,0.5,0.3,0.3,0,1,2.5,4,7.5
445,0.5,0.1,0.25,NA,1.3,0.8,0,0.5,1.7,6,8.8
446,12.5,0.45,0.364,0.6,4.5,0,0,1.5,5,2,20.5
447,3.8,0.607,0,0.4,0.6,0.6,0.4,0.8,3.8,10,12.6
448,8.8,0.417,0.3,0.733,6,2.2,0.4,1.2,4.4,5,24
449,2.5,0.4,0.5,0.667,0.5,0.3,0,1.3,0.8,4,4.5
450,1.8,0.333,0.333,NA,1.3,0,0,0.3,0.8,4,5
451,3,0.429,0.333,0.5,0.8,0.8,0.4,0.8,1.2,5,14.2
452,7.3,0.6,0.5,0.938,1.4,0.4,0.6,0.7,3,7,13.6
453,15.3,0.5,0.462,0.923,8.3,1,0.2,1.7,3.2,6,31.5
454,0,0,0,NA,1,0,0,0,2,1,5
455,0,0,0,NA,0,0,0,0,0,2,3
456,5.5,0.571,0.444,1,0.8,0,0.5,0.5,1.5,4,9.8
457,4.3,0.5,0.5,1,1.3,0,0.3,0.8,1.3,4,12
458,7.1,0.486,0.333,0.889,2,0,0.3,1.7,1,7,12.4
459,1.5,0.5,1,NA,0.5,0.5,0,0,0,2,3
460,2,0,0,1,0,1,1,0,0,1,2
461,10.6,0.615,0.375,0.667,2,0.6,0.4,0.8,3,5,25.4
462,6.5,0.714,1,0.5,0.5,1,0,1.5,3,2,15
463,4.3,0.304,0.25,0,1,0.5,1.3,1,3.8,4,22.3
464,1,0.167,0.2,1,1,0,0.4,0.2,0.8,5,5.6
465,8,0.381,0.333,1,1.7,0.7,0,0,2,3,18.7
466,16,0.5,0.4,1,7,0,1,4,9,1,35
467,3,0.333,0.333,NA,7,3,0,2,4,1,41
